t,nocache_prefix_smooth_ms,cache_prefix_smooth_ms,nocache_postfix_smooth_ms,cache_postfix_smooth_ms
1,5.1863,6.7235,5.0927,6.4796
2,5.2234,6.7093,5.1112,6.5045
3,5.2509,6.6818,5.1341,6.4903
4,5.2796,6.6578,5.1530,6.4682
5,5.2914,6.6465,5.1486,6.4983
6,5.3136,6.6718,5.1734,6.4836
7,5.3085,6.7500,5.1642,6.4830
8,5.3061,6.7670,5.1650,6.4777
9,5.3111,6.8065,5.1864,6.4986
10,5.3307,6.8108,5.2031,6.5179
11,5.3399,6.8252,5.2233,6.5189
12,5.3860,6.8813,5.2534,6.5499
13,5.4224,6.9389,5.2797,6.5714
14,5.4547,6.9703,5.2921,6.5738
15,5.4733,7.0079,5.2959,6.5876
16,5.4939,7.0405,5.3166,6.6137
17,5.5169,7.0328,5.3333,6.6421
18,5.5411,7.0673,5.3514,6.6945
19,5.5488,7.1149,5.3680,6.7144
20,5.5634,7.1403,5.3953,6.7445
21,5.6060,7.1510,5.4147,6.7612
22,5.6627,7.1477,5.4290,6.7718
23,5.6526,7.1817,5.4537,6.7938
24,5.6716,7.2220,5.4621,6.8328
25,5.6858,7.2705,5.4738,6.8787
26,5.7038,7.3203,5.5102,6.8961
27,5.7106,7.3283,5.5256,6.9123
28,5.7493,7.3163,5.5557,6.9509
29,5.7747,7.3323,5.5828,6.9938
30,5.8099,7.3252,5.5757,7.0480
31,5.8239,7.3930,5.5823,7.0871
32,5.8518,7.4184,5.5947,7.0910
33,5.8751,7.3957,5.6152,7.1058
34,5.8909,7.3954,5.6049,7.1407
35,5.9134,7.4207,5.6324,7.1424
36,5.9408,7.4482,5.6703,7.1479
37,5.9700,7.4670,5.7021,7.1823
38,5.9999,7.5121,5.7149,7.1928
39,6.0233,7.4929,5.7447,7.2225
40,6.0529,7.4998,5.7606,7.2403
41,6.0840,7.4690,5.7611,7.2476
42,6.0730,7.4621,5.7835,7.2484
43,6.0389,7.4851,5.8072,7.2506
44,6.0803,7.5314,5.8331,7.2311
45,6.0832,7.5418,5.8689,7.2365
46,6.0839,7.5459,5.8918,7.2329
47,6.1114,7.5388,5.8962,7.2236
48,6.1415,7.5509,5.9030,7.2832
49,6.1603,7.5789,5.9268,7.2676
50,6.1810,7.5998,5.9446,7.2794
51,6.1866,7.6463,5.9691,7.2483
52,6.2007,7.6495,5.9894,7.2329
53,6.2343,7.6475,5.9995,7.2807
54,6.2347,7.6959,6.0040,7.2927
55,6.2334,7.7038,6.0308,7.3062
56,6.2694,7.7275,6.0470,7.3328
57,6.2851,7.7496,6.0621,7.3436
58,6.2878,7.8048,6.0623,7.3099
59,6.2881,7.8012,6.0943,7.3184
60,6.2968,7.8143,6.0967,7.3036
61,6.2967,7.8057,6.1177,7.3111
62,6.2974,7.8789,6.1557,7.3071
63,6.3188,7.9026,6.1597,7.3316
64,6.3487,7.9284,6.1721,7.3698
65,6.3812,7.8797,6.1704,7.4069
66,6.4059,7.8831,6.1732,7.4050
67,6.4392,7.9152,6.1870,7.4239
68,6.4599,7.9193,6.2117,7.4304
69,6.4793,7.9513,6.2424,7.4230
70,6.4817,7.9465,6.2592,7.4316
71,6.4882,7.9534,6.2709,7.4317
72,6.4998,7.9412,6.2978,7.4307
73,6.5137,7.9254,6.3327,7.4285
74,6.5029,7.9549,6.3480,7.4337
75,6.5338,7.9990,6.3866,7.4265
76,6.5837,8.0083,6.4209,7.4485
77,6.6016,8.0179,6.4306,7.4706
78,6.6213,7.9883,6.4430,7.5123
79,6.6567,7.9851,6.4595,7.5582
80,6.6935,8.0101,6.4867,7.5875
81,6.7168,8.0455,6.5237,7.5950
82,6.7672,8.0442,6.5474,7.6215
83,6.8023,8.0122,6.5759,7.6494
84,6.8581,8.0464,6.6147,7.6810
85,6.8626,8.0789,6.6495,7.6962
86,6.8588,8.1482,6.6881,7.6995
87,6.8944,8.2338,6.7264,7.7218
88,6.9303,8.2585,6.7559,7.7604
89,6.9389,8.3032,6.7918,7.7774
90,6.9626,8.3287,6.8098,7.7982
91,7.0123,8.3299,6.8152,7.8272
92,7.0710,8.3405,6.8378,7.8479
93,7.1228,8.3836,6.8559,7.8964
94,7.1542,8.4125,6.8673,7.9398
95,7.2085,8.4277,6.9052,7.9921
96,7.2492,8.3776,6.9164,8.0179
97,7.2756,8.3986,6.9394,8.0319
98,7.3012,8.4004,6.9677,8.0776
99,7.3509,8.4563,6.9835,8.0711
100,7.3627,8.4734,7.0211,8.0632
101,7.4011,8.4886,7.0354,8.0808
102,7.4297,8.5080,7.0415,8.1115
103,7.4395,8.5552,7.0541,8.1058
104,7.4572,8.5921,7.0703,8.1052
105,7.4704,8.6195,7.0861,8.1026
106,7.5198,8.6424,7.0898,8.1122
107,7.5499,8.6343,7.0959,8.1060
108,7.5860,8.5987,7.0985,8.0943
109,7.6127,8.5964,7.1050,8.0790
110,7.6611,8.5927,7.1115,8.1112
111,7.6845,8.5997,7.1211,8.1237
112,7.6926,8.6284,7.1654,8.1396
113,7.7104,8.6891,7.1996,8.1654
114,7.7233,8.6744,7.2294,8.1935
115,7.7572,8.6978,7.2380,8.2066
116,7.7832,8.7500,7.2442,8.1931
117,7.8087,8.7456,7.2570,8.2005
118,7.8391,8.7685,7.2691,8.1789
119,7.8606,8.7929,7.3058,8.1635
120,7.8582,8.7931,7.3330,8.1851
121,7.9022,8.8303,7.3380,8.2129
122,7.9153,8.8405,7.3486,8.2539
123,7.9572,8.8693,7.3718,8.2722
124,7.9948,8.8917,7.3908,8.3056
125,8.0411,8.9274,7.4162,8.3189
126,8.0577,8.9090,7.4403,8.3916
127,8.0817,8.9296,7.4706,8.4058
128,8.1124,8.9791,7.4925,8.4700
129,8.1201,9.0157,7.5213,8.5201
130,8.1528,9.0338,7.5615,8.5664
131,8.1848,9.1100,7.5784,8.5971
132,8.2098,9.1304,7.6392,8.6084
133,8.2523,9.1539,7.6450,8.6267
134,8.2786,9.1459,7.6622,8.6456
135,8.3166,9.1681,7.6797,8.6193
136,8.3348,9.1665,7.7063,8.6435
137,8.3481,9.1493,7.7330,8.6644
138,8.3614,9.2578,7.7516,8.7051
139,8.3617,9.2742,7.7800,8.7332
140,8.3957,9.2980,7.7913,8.7052
141,8.4255,9.3350,7.8071,8.7182
142,8.4479,9.3182,7.8631,8.7111
143,8.4753,9.3463,7.9015,8.6840
144,8.5008,9.3529,7.9512,8.6813
145,8.5171,9.3740,8.0065,8.6699
146,8.5304,9.4081,8.0384,8.6693
147,8.5479,9.4355,8.0524,8.6245
148,8.5738,9.4751,8.0660,8.6351
149,8.5949,9.4643,8.0811,8.6486
150,8.6226,9.4846,8.0933,8.6722
151,8.6278,9.5308,8.1055,8.6931
152,8.6263,9.5203,8.1292,8.6875
153,8.6506,9.5587,8.1116,8.6968
154,8.6619,9.5839,8.1339,8.7211
155,8.6759,9.6072,8.1560,8.7300
156,8.6965,9.6219,8.1789,8.7992
157,8.7405,9.6527,8.2202,8.7997
158,8.7697,9.6606,8.2604,8.7867
159,8.7984,9.6693,8.2848,8.8017
160,8.8193,9.6812,8.3161,8.8191
161,8.8409,9.7050,8.3396,8.8821
162,8.8732,9.7064,8.3623,8.8792
163,8.8951,9.7236,8.3611,8.9500
164,8.9167,9.7485,8.3829,8.9892
165,8.9590,9.7785,8.3765,9.0068
166,8.9900,9.8104,8.3970,9.0629
167,9.0160,9.8170,8.4024,9.1032
168,9.0445,9.8384,8.4269,9.1309
169,9.0453,9.8255,8.4567,9.1414
170,9.0765,9.8385,8.4829,9.1228
171,9.0996,9.8308,8.5316,9.1461
172,9.1386,9.8228,8.5734,9.1534
173,9.2015,9.8152,8.6114,9.1640
174,9.2291,9.8280,8.6655,9.2112
175,9.2606,9.8089,8.7260,9.2320
176,9.3039,9.8396,8.7793,9.2252
177,9.3422,9.8675,8.8475,9.1957
178,9.3709,9.8751,8.9068,9.2061
179,9.4109,9.9069,8.9573,9.2178
180,9.4725,9.9171,9.0212,9.2134
181,9.5302,9.9489,9.0706,9.2088
182,9.5677,9.9671,9.1323,9.2169
183,9.6013,9.9729,9.1727,9.2395
184,9.6499,10.0096,9.2096,9.2171
185,9.7043,10.0315,9.2694,9.2046
186,9.7426,10.0436,9.3148,9.2211
187,9.7892,10.0485,9.3125,9.2046
188,9.8318,10.0758,9.3520,9.2155
189,9.8830,10.1087,9.3822,9.2250
190,9.9545,10.1293,9.4004,9.2608
191,9.9993,10.1387,9.4477,9.2985
192,10.0393,10.1862,9.4729,9.2966
193,10.0828,10.2169,9.5064,9.2985
194,10.1006,10.2554,9.5310,9.3161
195,10.1459,10.2642,9.5488,9.2943
196,10.1864,10.2979,9.5761,9.3131
197,10.2274,10.3166,9.5694,9.3287
198,10.2459,10.3272,9.5688,9.3504
199,10.2682,10.3613,9.5458,9.3797
200,10.2975,10.3823,9.5468,9.4393
201,10.3091,10.4084,9.5693,9.4864
202,10.3562,10.4147,9.6037,9.5636
203,10.3788,10.4452,9.6340,9.5831
204,10.4033,10.4743,9.6945,9.5999
205,10.4259,10.5047,9.7391,9.6212
206,10.4458,10.4987,9.7540,9.6725
207,10.4615,10.4720,9.8020,9.7030
208,10.4838,10.5072,9.8684,9.7225
209,10.4968,10.4988,9.9141,9.7566
210,10.5059,10.5318,9.9594,9.7684
211,10.5183,10.5547,10.0333,9.7974
212,10.5646,10.6210,10.0509,9.7889
213,10.6106,10.6105,10.0743,9.8272
214,10.6271,10.6125,10.0985,9.8514
215,10.6668,10.6509,10.1514,9.8754
216,10.6923,10.6631,10.2028,9.9146
217,10.7219,10.6723,10.2343,9.9130
218,10.7400,10.6713,10.2942,9.9646
219,10.7921,10.6879,10.3359,9.9940
220,10.8215,10.6989,10.4071,10.0017
221,10.8309,10.7112,10.4466,10.0061
222,10.8437,10.6836,10.4628,9.9910
223,10.8547,10.6934,10.4648,9.9755
224,10.8862,10.6738,10.4631,9.9476
225,10.9282,10.7178,10.4600,9.9744
226,10.9588,10.7244,10.4884,10.0056
227,10.9818,10.7494,10.5033,9.9653
228,11.0015,10.8030,10.4939,9.9696
229,11.0247,10.7911,10.4851,9.9839
230,11.0730,10.8068,10.5123,9.9642
231,11.1188,10.7921,10.5466,9.9817
232,11.1498,10.8167,10.5475,9.9807
233,11.1558,10.8151,10.6036,9.9986
234,11.1683,10.8562,10.6445,9.9964
235,11.1942,10.8652,10.6759,9.9931
236,11.2062,10.8922,10.7007,10.0324
237,11.2439,10.9032,10.7076,10.0457
238,11.2773,10.9515,10.7391,10.0578
239,11.2950,10.9459,10.7651,10.0484
240,11.3014,10.9772,10.7847,10.0452
241,11.3332,11.0042,10.7855,10.0692
242,11.3720,11.0471,10.8198,10.0894
243,11.4164,11.0971,10.8770,10.1136
244,11.4422,11.1599,10.9272,10.1228
245,11.4914,11.2108,10.9906,10.1764
246,11.5109,11.1809,11.0281,10.1885
247,11.5422,11.1906,11.0599,10.1805
248,11.5657,11.2004,11.1089,10.2285
249,11.5963,11.2205,11.1643,10.2286
250,11.6205,11.2564,11.2381,10.2350
251,11.6460,11.2810,11.2662,10.2742
252,11.6680,11.3316,11.2924,10.2882
253,11.7044,11.3453,11.3520,10.2993
254,11.7422,11.3623,11.3507,10.3191
255,11.7768,11.3662,11.3728,10.3268
256,11.8026,11.3770,11.4066,10.3370
257,11.8297,11.3763,11.4339,10.3137
258,11.8400,11.3774,11.4834,10.3294
259,11.8677,11.3869,11.4909,10.3594
260,11.9148,11.4339,11.5115,10.3765
261,11.9460,11.4569,11.5308,10.3921
262,11.9746,11.4685,11.5644,10.3844
263,12.0210,11.4655,11.5923,10.3720
264,12.0429,11.4585,11.6062,10.3659
265,12.0592,11.4534,11.6363,10.3923
266,12.0576,11.4753,11.6634,10.4320
267,12.0856,11.5201,11.6969,10.4240
268,12.1164,11.5613,11.7155,10.4361
269,12.1702,11.5820,11.7496,10.4419
270,12.1975,11.6033,11.7754,10.4637
271,12.2151,11.6221,11.7978,10.4738
272,12.2314,11.6588,11.8306,10.5012
273,12.2570,11.6534,11.8333,10.5112
274,12.2705,11.6588,11.8220,10.5005
275,12.2925,11.6634,11.8644,10.5204
276,12.3056,11.7011,11.8821,10.5691
277,12.3322,11.7496,11.8935,10.6123
278,12.3530,11.7536,11.9003,10.6443
279,12.3827,11.7989,11.9038,10.6453
280,12.3971,11.8005,11.9373,10.6701
281,12.3983,11.8166,11.9477,10.6907
282,12.4217,11.8400,11.9819,10.7235
283,12.4498,11.8550,12.0076,10.7514
284,12.4634,11.8782,12.0249,10.7675
285,12.4943,11.9674,12.0429,10.8192
286,12.5301,12.0044,12.0429,10.8312
287,12.5642,12.0052,12.0389,10.8461
288,12.5894,12.0153,12.0678,10.8758
289,12.5990,12.0183,12.0991,10.8903
290,12.6068,12.0316,12.1084,10.9002
291,12.6247,12.0692,12.1250,10.9326
292,12.6597,12.0663,12.1168,10.9524
293,12.6995,12.0600,12.1286,10.9448
294,12.7401,12.0999,12.1750,10.9718
295,12.7723,12.1107,12.2322,11.0161
296,12.8033,12.1626,12.2622,11.0758
297,12.8529,12.1779,12.2979,11.0464
298,12.8909,12.1882,12.3199,11.0603
299,12.9200,12.2042,12.3610,11.0981
300,12.9714,12.2275,12.3912,11.1473
301,13.0176,12.2289,12.4306,11.1552
302,13.0612,12.2427,12.4785,11.1529
303,13.0851,12.2438,12.5124,11.1488
304,13.1503,12.2491,12.5842,11.1615
305,13.2017,12.2558,12.6268,11.1919
306,13.2558,12.2182,12.6769,11.2375
307,13.3304,12.1988,12.7314,11.2590
308,13.3990,12.2140,12.7714,11.2437
309,13.4550,12.2386,12.8116,11.2705
310,13.5237,12.2553,12.8646,11.2925
311,13.5763,12.2833,12.9136,11.3354
312,13.6478,12.2791,12.9575,11.3476
313,13.7127,12.3080,13.0173,11.3867
314,13.7675,12.3145,13.0724,11.4348
315,13.8047,12.2893,13.1261,11.4449
316,13.8614,12.3121,13.1435,11.4660
317,13.9120,12.3013,13.1730,11.4799
318,13.9486,12.2841,13.2103,11.5108
319,13.9933,12.2977,13.2537,11.5146
320,14.0667,12.3531,13.3016,11.5009
321,14.0985,12.3360,13.3549,11.5105
322,14.1560,12.3775,13.4085,11.5327
323,14.2179,12.3618,13.4587,11.5904
324,14.2893,12.3532,13.5175,11.6256
325,14.3263,12.4251,13.5185,11.7324
326,14.3471,12.4879,13.5386,11.7752
327,14.3644,12.5237,13.5684,11.7598
328,14.3723,12.6248,13.5958,11.8173
329,14.4012,12.6900,13.6403,11.8828
330,14.4292,12.7242,13.6691,11.9324
331,14.4444,12.7621,13.6658,11.9991
332,14.4700,12.8028,13.6967,12.0221
333,14.4941,12.8411,13.7151,12.0622
334,14.5195,12.8807,13.7282,12.1078
335,14.5547,12.9424,13.7512,12.1416
336,14.5964,13.0363,13.7627,12.2097
337,14.6209,13.0937,13.7940,12.2620
338,14.6588,13.1602,13.8524,12.2902
339,14.7012,13.2322,13.8770,12.3335
340,14.7460,13.2935,13.9094,12.3839
341,14.7652,13.2995,13.9412,12.4387
342,14.7983,13.3647,13.9804,12.4702
343,14.8101,13.4038,13.9880,12.5217
344,14.8264,13.4980,14.0004,12.5476
345,14.8413,13.5911,13.9910,12.6330
346,14.8525,13.6188,14.0392,12.5975
347,14.8766,13.6025,14.0991,12.6287
348,14.9142,13.6403,14.1261,12.6879
349,14.9599,13.6189,14.1575,12.7092
350,14.9755,13.6310,14.1955,12.7619
351,15.0143,13.6708,14.2237,12.7832
352,15.0433,13.6994,14.2664,12.7747
353,15.0755,13.7302,14.2668,12.7994
354,15.0963,13.7595,14.3083,12.8169
355,15.1345,13.7592,14.3640,12.8362
356,15.1414,13.7677,14.3842,12.8411
357,15.1607,13.7418,14.3972,12.8392
358,15.1903,13.7301,14.4413,12.8366
359,15.1994,13.7177,14.4636,12.8299
360,15.2144,13.7264,14.5061,12.8633
361,15.2355,13.7524,14.5737,12.9125
362,15.2604,13.7960,14.5672,12.9401
363,15.2963,13.8230,14.5810,12.9776
364,15.3204,13.8418,14.5986,12.9755
365,15.3592,13.8276,14.6147,12.9946
366,15.3973,13.8488,14.6565,12.9566
367,15.4045,13.8398,14.6458,12.9695
368,15.4510,13.8717,14.6487,12.9801
369,15.4958,13.8753,14.6772,12.9614
370,15.5157,13.8753,14.7254,12.9391
371,15.5457,13.9110,14.7424,12.8983
372,15.5719,13.9088,14.7932,12.9111
373,15.6315,13.8955,14.8382,12.9239
374,15.6762,13.9251,14.9259,12.9218
375,15.7148,13.9515,14.9689,12.9194
376,15.7629,13.9980,15.0026,12.9181
377,15.8239,13.9904,15.0386,12.9279
378,15.8735,14.0034,15.0938,12.9398
379,15.9183,13.9795,15.1125,12.9530
380,15.9931,14.0263,15.1360,12.9618
381,16.0550,14.0691,15.1750,12.9717
382,16.1099,14.0563,15.1946,12.9613
383,16.1453,14.0214,15.2651,12.9959
384,16.1880,14.0028,15.3096,12.9826
385,16.2443,14.0425,15.3659,12.9872
386,16.2835,14.0558,15.4173,13.0454
387,16.3120,14.0187,15.4604,13.0851
388,16.3753,14.0196,15.5062,13.0897
389,16.4162,14.0338,15.5213,13.0731
390,16.4429,14.0431,15.5362,13.0720
391,16.4795,14.0646,15.5401,13.1308
392,16.5286,14.0670,15.5715,13.1393
393,16.5698,14.0789,15.5798,13.1483
394,16.5833,14.1041,15.6190,13.1725
395,16.6006,14.0897,15.6195,13.1912
396,16.6393,14.0747,15.6641,13.2123
397,16.6566,14.0436,15.6902,13.2264
398,16.6973,14.0940,15.7429,13.2275
399,16.7094,14.0908,15.7474,13.2334
400,16.7458,14.1447,15.7811,13.2748
401,16.7521,14.1254,15.8455,13.3237
402,16.7959,14.1296,15.9085,13.3534
403,16.7999,14.1622,15.9284,13.3579
404,16.8401,14.1828,15.9366,13.3401
405,16.8612,14.1986,15.9318,13.3582
406,16.8928,14.1675,15.9155,13.3872
407,16.9042,14.1974,15.9408,13.3561
408,16.9410,14.2457,15.9458,13.3439
409,16.9790,14.2448,15.9939,13.3803
410,16.9998,14.2760,16.0571,13.4059
411,17.0114,14.2705,16.1197,13.4861
412,17.0299,14.2857,16.1301,13.5140
413,17.0560,14.2740,16.1752,13.5769
414,17.0750,14.3099,16.2349,13.5971
415,17.1136,14.3390,16.2731,13.6337
416,17.1477,14.3332,16.3197,13.6394
417,17.1673,14.3741,16.3513,13.6664
418,17.1722,14.4256,16.3880,13.6771
419,17.1577,14.4392,16.3854,13.7204
420,17.1921,14.4956,16.4175,13.7404
421,17.2118,14.5156,16.4245,13.7043
422,17.2269,14.5396,16.3956,13.6859
423,17.2082,14.5135,16.3526,13.6786
424,17.2270,14.5209,16.3341,13.6762
425,17.2681,14.5411,16.3737,13.6762
426,17.2892,14.5433,16.4397,13.6901
427,17.2976,14.5740,16.5091,13.6971
428,17.3275,14.5942,16.5300,13.6789
429,17.3478,14.6279,16.5592,13.6898
430,17.3508,14.6910,16.5515,13.6771
431,17.3678,14.6798,16.5779,13.7061
432,17.4622,14.7083,16.6414,13.6682
433,17.5545,14.6859,16.7545,13.6254
434,17.6230,14.7209,16.8175,13.5720
435,17.6908,14.7004,16.8365,13.5596
436,17.7616,14.7342,16.8859,13.5498
437,17.8384,14.7895,16.9365,13.6002
438,17.9346,14.8125,17.0122,13.6017
439,18.0153,14.7868,17.0862,13.6105
440,18.1217,14.8035,17.2067,13.6087
441,18.2071,14.7950,17.3500,13.6204
442,18.2914,14.7995,17.4488,13.6466
443,18.3863,14.7960,17.5273,13.6767
444,18.4977,14.8215,17.6247,13.7158
445,18.5996,14.8279,17.7180,13.7502
446,18.6702,14.8571,17.7925,13.7913
447,18.7521,14.9102,17.8648,13.7966
448,18.8431,14.9028,17.9207,13.8204
449,18.9401,14.9028,18.0185,13.8437
450,19.0425,14.8739,18.1276,13.8716
451,19.1261,14.8541,18.2528,13.8696
452,19.2133,14.8830,18.3516,13.8626
453,19.2311,14.9306,18.3735,13.8601
454,19.2601,14.9749,18.3866,13.8753
455,19.2720,14.9700,18.3966,13.8937
456,19.3096,15.0065,18.4678,13.9252
457,19.3346,14.9976,18.5038,13.9126
458,19.3724,14.9643,18.5575,13.8964
459,19.3885,14.9418,18.5516,13.9221
460,19.4383,14.9796,18.5640,13.9688
461,19.4750,14.9826,18.5602,13.9713
462,19.5263,14.9956,18.5646,13.9759
463,19.5364,15.0449,18.6168,13.9927
464,19.5603,15.1042,18.6802,13.9838
465,19.5810,15.1072,18.7390,13.9649
466,19.6053,15.1341,18.7662,13.9605
467,19.6172,15.1271,18.7652,13.9310
468,19.6512,15.1369,18.7827,13.9204
469,19.6751,15.1801,18.8290,13.9203
470,19.7034,15.1867,18.8673,13.9119
471,19.7077,15.1914,18.9199,13.9050
472,19.7570,15.1955,18.9286,13.9278
473,19.8043,15.2068,18.9249,13.9231
474,19.8554,15.1948,18.9415,13.9489
475,19.8773,15.2321,18.9847,13.9496
476,19.9326,15.2332,19.0665,13.9712
477,19.9809,15.2189,19.0991,13.9491
478,20.0452,15.1912,19.1012,13.9638
479,20.0597,15.2228,19.1190,13.9708
480,20.0957,15.2460,19.1354,13.9510
481,20.1378,15.2631,19.1818,13.9654
482,20.1799,15.2929,19.2694,13.9673
483,20.1951,15.3078,19.2916,13.9663
484,20.2515,15.2901,19.3198,14.0084
485,20.3001,15.2446,19.3456,14.0753
486,20.3269,15.2999,19.3287,14.1350
487,20.3570,15.3282,19.3552,14.1748
488,20.4121,15.3465,19.4289,14.2411
489,20.4532,15.3552,19.4497,14.2586
490,20.4849,15.3421,19.4867,14.2572
491,20.5061,15.3529,19.4918,14.2915
492,20.5429,15.3750,19.4737,14.2992
493,20.5551,15.3956,19.4932,14.3140
494,20.5660,15.3904,19.5127,14.3459
495,20.5755,15.3860,19.5485,14.3563
496,20.6034,15.3608,19.5588,14.3913
497,20.6273,15.3834,19.5287,14.4142
498,20.6410,15.4122,19.5237,14.4746
499,20.6202,15.4754,19.5750,14.5226
500,20.6750,15.4851,19.5741,14.5596
